TaxNumCl_2023,Taxonomy,Common_Name,AlphaCode,Scientific_Name,NFA_new,NFA_min,NFA_max,NFA_Score,NFA_Uncertainty_pct,DFA_new,DFA_min,DFA_max,DFA_Score,DFA_Uncertainty_pct,FA_N&D,FA24,FA24_min,FA24_max,FA,FA_litSourceNo,FA_litSourceNo_rescaled,FA_valueRangeDif,FA_actVSsimSpp,uFA,uFA_old,FA_Reference,RSZt_new,RSZt_min,RSZt_max,RSZt_litSourceNo,RSZt_litSourceNo_rescaled,RSZt_valueRangeDif,RSZt_actVSsimSpp,uRSZt,RSZt_Score,RSZt_Uncertainty_pct,RSZt_Reference,MA_new,MA_min,MA_max,MA_litSourceNo,MA_litSourceNo_rescaled,MA_valueRangeDif,MA_actVSsimSpp,uMA,MA_Collision_Score,MA_Uncertainty_pct,MA_Reference,CV_new,uCV,CV_Best_Estimate_old,uCV_old
296,Sea Ducks,Brant,BRAN,Branta bernicla,0.750,0.750,NA,1,0.500,0.750,0.750,NA,1,0.500,0.750,0.620,0.490,0.640,0.685,3,0.500,0.150,0.500,0.383,0.500,"Drew et al. 2005, Lewis et al. 2020; similar spp: geese: Weiser et al. 2024",0.310,0.180,0.420,2,0.667,0.240,0.500,0.469,5,0.25,"Robinson Willmott et al. 2013, Weiser et al. 2024",0.680,0.680,NA,1,0.833,0.000,0.250,0.361,1,25.000,Krijgsveld et al. 2011,0.06795,0.065,7.000,3.125
720,Sea Ducks,Common Merganser,COME,Mergus merganser,0.001,NA,NA,1,0.250,0.188,0.190,NA,1,0.250,0.095,NA,NA,NA,0.095,2,0.667,0.000,0.250,0.306,0.250,"Pearce et al. 2020, Drew et al. 2005",0.273,0.020,0.347,3,0.500,0.327,0.500,0.442,5,0.50,"similar spp: COEI: Bradbury et al. 2014, Johnston et al. 2014, Thaxter et al. 2015",0.735,0.710,0.758,2,0.667,0.048,0.750,0.488,2,0.500,"similar spp: seaducks: Cook et al. 2012, Krijgsveld et al. 2011",0.00685,0.066,8.000,0.063
728,Sea Ducks,Red-breasted Merganser,RBME,Mergus serrator,0.001,NA,NA,1,0.100,0.214,0.210,NA,1,0.100,0.107,NA,NA,NA,0.107,2,0.667,0.000,0.250,0.306,0.100,"Craik et al. 2020, Drew et al. 2005",0.273,0.020,0.347,3,0.500,0.327,0.500,0.442,5,0.50,"similar spp: COEI: Bradbury et al. 2014, Johnston et al. 2014, Thaxter et al. 2015",0.735,0.710,0.758,2,0.667,0.048,0.750,0.488,2,0.500,"similar spp: seaducks: Cook et al. 2012, Krijgsveld et al. 2011",0.00777,0.066,8.000,0.025
687,Sea Ducks,Harlequin Duck,HADU,Histrionicus histrionicus,0.001,NA,NA,5,0.500,0.128,0.130,NA,5,0.500,0.064,NA,NA,NA,0.064,2,0.667,0.000,0.250,0.306,0.500,"Drew et al. 2005, Robertson and Goudie 2020",0.273,0.020,0.347,3,0.500,0.327,0.500,0.442,5,0.50,"similar spp: COEI: Bradbury et al. 2014, Johnston et al. 2014, Thaxter et al. 2015",0.735,0.710,0.758,2,0.667,0.048,0.750,0.488,1,0.250,"similar spp: seaducks: Cook et al. 2012, Krijgsveld et al. 2011",0.00465,0.066,7.000,0.063
688,Sea Ducks,Surf Scoter,SUSC,Melanitta perspicillata,0.065,NA,NA,3,0.250,0.065,0.030,0.100,3,0.500,0.065,NA,NA,NA,0.065,4,0.333,0.070,0.250,0.218,0.375,"Adams et al. 2016, Anderson et al. 2020, Drew et al. 2005, Takekawa et al. 2017",0.030,0.010,0.160,5,0.167,0.150,0.500,0.272,3,0.50,"similar spp: COSC: Bradbury et al. 2014, Cook et al. 2012, Johnston et al. 2014, Thaxter et al. 2015; COSC/VESC: Furness et al. 2013",0.900,0.900,NA,1,0.833,0.000,0.500,0.444,1,0.250,similar spp: COSC: Bradbury et al. 2014,0.00019,0.026,7.000,0.047
690,Sea Ducks,White-winged Scoter,WWSC,Melanitta deglandi,0.100,NA,NA,3,0.000,0.100,0.100,NA,3,0.250,0.100,NA,NA,NA,0.100,4,0.333,0.000,0.250,0.194,0.125,"Adams et al. 2016, Brown and Fredrickson 2020, Drew et al. 2005, Takekawa et al. 2017",0.030,0.010,0.160,5,0.167,0.150,0.500,0.272,3,0.50,"similar spp: COSC: Bradbury et al. 2014, Cook et al. 2012, Johnston et al. 2014, Thaxter et al. 2015; COSC/VESC: Furness et al. 2013",0.900,0.900,NA,1,0.833,0.000,0.500,0.444,1,0.250,similar spp: COSC: Bradbury et al. 2014,0.00030,0.024,7.000,0.016
696,Sea Ducks,Black Scoter,BLSC,Melanitta americana,0.090,NA,NA,3,0.500,0.090,0.090,NA,3,0.500,0.090,NA,NA,NA,0.090,3,0.500,0.000,0.250,0.250,0.500,"Adams et al. 2016, Drew et al. 2005, Takekawa et al. 2017",0.030,0.010,0.160,5,0.167,0.150,0.500,0.272,3,0.50,"similar spp: COSC: Bradbury et al. 2014, Cook et al. 2012, Johnston et al. 2014, Thaxter et al. 2015; COSC/VESC: Furness et al. 2013",0.900,0.900,NA,1,0.833,0.000,0.500,0.444,1,0.250,similar spp: COSC: Bradbury et al. 2014,0.00027,0.030,7.000,0.063
700,Sea Ducks,Long-tailed Duck,LTDU,Clangula hyemalis,0.001,NA,NA,4,0.500,0.161,0.160,NA,3,0.250,0.081,NA,NA,NA,0.081,2,0.667,0.000,0.250,0.306,0.375,"Drew et al. 2005, Robertson and Savard 2020",0.273,0.020,0.347,3,0.500,0.327,0.500,0.442,5,0.50,"similar spp: COEI: Bradbury et al. 2014, Johnston et al. 2014, Thaxter et al. 2015",0.735,0.710,0.758,2,0.667,0.048,0.750,0.488,1,0.250,"similar spp: seaducks: Cook et al. 2012, Krijgsveld et al. 2011",0.00588,0.066,5.670,0.047
6768,Loons,Red-throated Loon,RTLO,Gavia stellata,0.001,0.000,NA,1,0.250,0.360,0.360,NA,2,0.250,0.181,NA,NA,NA,0.181,5,0.167,0.000,0.500,0.222,0.250,"Adams et al. 2016, Drew et al. 2005, Heinanen et al. 2020, Takekawa et al. 2017; similar spp: COLO: Paruk et al. 2008",0.061,0.050,0.130,5,0.167,0.080,0.250,0.166,3,0.50,"Bradbury et al. 2014, Borkenhagen et al. 2018, Furness et al. 2013, Johnston et al. 2014, Thaxter et al. 2015",0.810,0.810,NA,1,0.833,0.000,0.250,0.361,1,0.100,Vanermen et al. 2022,0.00208,0.013,5.330,0.013
6772,Loons,Pacific Loon,PALO,Gavia pacifica,0.001,0.000,NA,1,0.500,0.400,0.400,NA,3,0.500,0.201,NA,NA,NA,0.201,5,0.167,0.000,0.500,0.222,0.500,"Adams et al. 2016, Drew et al. 2005,  Takekawa et al. 2017;similar spp: COLO: Paruk et al. 2008; RTLO: Heinanen et al. 2020",0.061,0.050,0.130,5,0.167,0.080,0.500,0.249,3,0.50,"similar spp: RTLO: Bradbury et al. 2014, Cook et al. 2012, Furness et al. 2013, Johnston et al. 2014, Thaxter et al. 2015",0.810,0.600,0.940,5,0.167,0.340,0.500,0.336,1,0.100,"similar spp: divers: Cook et al. 2012, Garthe et al. 2023, Krijgsveld et al. 2011, Welcker and Nehls 2016; RTLO: Vanermen et al. 2022",0.00231,0.019,3.670,0.025
6774,Loons,Common Loon,COLO,Gavia immer,0.001,0.000,NA,1,0.500,0.115,0.070,0.160,2,0.500,0.058,NA,NA,NA,0.058,5,0.167,0.090,0.500,0.252,0.500,"Adams et al. 2016, Drew et al. 2005, Paruk et al. 2008, Takekawa et al. 2017; similar spp: RTLO: Heinanen et al. 2020",0.061,0.050,0.130,5,0.167,0.080,0.500,0.249,3,0.50,"similar spp: RTLO: Bradbury et al. 2014, Cook et al. 2012, Furness et al. 2013, Johnston et al. 2014, Thaxter et al. 2015",0.810,0.600,0.940,5,0.167,0.340,0.500,0.336,1,0.100,"similar spp: divers: Cook et al. 2012, Garthe et al. 2023, Krijgsveld et al. 2011, Welcker and Nehls 2016; RTLO: Vanermen et al. 2022",0.00067,0.021,3.330,0.025
6775,Loons,Yellow-billed Loon,YBLO,Gavia adamsii,0.001,0.000,NA,1,0.500,0.350,0.350,NA,2,0.500,0.176,NA,NA,NA,0.176,5,0.167,0.000,0.500,0.222,0.500,"Adams et al. 2016, Drew et al. 2005, Takekawa et al. 2017; similar spp: COLO: Paruk et al. 2008; RTLO: Heinanen et al. 2020",0.061,0.050,0.130,5,0.167,0.080,0.500,0.249,3,0.50,"similar spp: RTLO: Bradbury et al. 2014, Cook et al. 2012, Furness et al. 2013, Johnston et al. 2014, Thaxter et al. 2015",0.810,0.600,0.940,5,0.167,0.340,0.500,0.336,1,0.100,"similar spp: divers: Cook et al. 2012, Garthe et al. 2023, Krijgsveld et al. 2011, Welcker and Nehls 2016; RTLO: Vanermen et al. 2022",0.00203,0.019,3.330,0.025
1842,Grebes,Horned Grebe,HOGR,Podiceps auritus,0.150,0.150,NA,3,0.500,0.025,0.000,0.050,2,0.500,0.088,NA,NA,NA,0.088,5,0.167,0.050,0.250,0.156,0.500,"Adams et al. 2016, Drew et al. 2005, Felis pers. comm., Stedman 2020, Takekawa et al. 2017",0.030,0.020,0.040,2,0.667,0.020,0.500,0.396,3,0.50,"similar spp: Bradbury et al. 2014, Furness et al. 2013",0.390,0.280,0.500,2,0.667,0.220,0.500,0.462,1,0.500,"similar spp: grebes: Cook et al. 2012, Krijgsveld et al. 2011",0.00160,0.028,6.670,0.125
1845,Grebes,Red-necked Grebe,RNGR,Podiceps grisegena,0.150,0.150,NA,3,0.500,0.020,0.000,0.040,1,0.500,0.085,NA,NA,NA,0.085,5,0.167,0.040,0.250,0.152,0.500,"Adams et al. 2016, Drew et al. 2005, Felis pers. comm., Takekawa et al. 2017, Stout and Nuechterlein 2020",0.030,0.020,0.040,2,0.667,0.020,0.500,0.396,3,0.50,"similar spp: Bradbury et al. 2014, Furness et al. 2013",0.390,0.280,0.500,2,0.667,0.220,0.500,0.462,1,0.500,"similar spp: grebes: Cook et al. 2012, Krijgsveld et al. 2011",0.00156,0.028,6.330,0.125
1852,Grebes,Eared Grebe,EAGR,Podiceps nigricollis,0.150,0.150,NA,3,0.500,0.035,0.000,0.070,1,0.500,0.093,NA,NA,NA,0.093,5,0.167,0.070,0.250,0.162,0.500,"Adams et al. 2016, Cullen et al. 2020, Drew et al. 2005, Felis pers. comm., Takekawa et al. 2017",0.030,0.020,0.040,2,0.667,0.020,0.500,0.396,3,0.50,"similar spp: Bradbury et al. 2014, Furness et al. 2013",0.390,0.280,0.500,2,0.667,0.220,0.500,0.462,1,0.500,"similar spp: grebes: Cook et al. 2012, Krijgsveld et al. 2011",0.00169,0.030,6.330,0.125
1864,Grebes,Western Grebe,WEGR,Aechmophorus occidentalis,0.150,0.150,NA,3,0.500,0.005,0.000,0.010,1,0.500,0.078,NA,NA,NA,0.078,5,0.167,0.010,0.250,0.142,0.500,"Adams et al. 2016, Drew et al. 2005, Felis pers. comm., LaPorte et al. 2020b, Takekawa et al. 2017",0.030,0.020,0.040,2,0.667,0.020,0.500,0.396,3,0.50,"similar spp: Bradbury et al. 2014, Furness et al. 2013",0.390,0.280,0.500,2,0.667,0.220,0.500,0.462,1,0.500,"similar spp: grebes: Cook et al. 2012, Krijgsveld et al. 2011",0.00142,0.026,6.330,0.125
1867,Grebes,Clarks Grebe,CLGR,Aechmophorus clarkii,0.150,0.150,NA,3,0.500,0.000,0.000,NA,1,0.500,0.075,NA,NA,NA,0.075,5,0.167,0.000,0.250,0.139,0.500,"Adams et al. 2016, Drew et al. 2005, Felis pers. comm., LaPorte et al. 2020a, Takekawa et al. 2017",0.030,0.020,0.040,2,0.667,0.020,0.500,0.396,3,0.50,"similar spp: Bradbury et al. 2014, Furness et al. 2013",0.390,0.280,0.500,2,0.667,0.220,0.500,0.462,1,0.500,"similar spp: grebes: Cook et al. 2012, Krijgsveld et al. 2011",0.00137,0.025,6.330,0.125
6827,Albatross,Laysan Albatross,LAAL,Phoebastria immutabilis,0.595,0.560,0.630,4,0.250,0.750,0.630,0.820,4,0.500,0.673,NA,0.310,0.770,0.673,3,0.500,0.190,0.250,0.313,0.375,"Adams et al. 2020, Conners et al. 2015, Drew et al. 2005",0.026,0.026,NA,1,0.833,0.000,0.250,0.361,3,0.50,Adams et al. 2020,0.390,0.280,0.500,2,0.667,0.220,0.500,0.462,1,0.500,similar spp: Cook et al. 2012; NOFU: Krijgsveld et al. 2011,0.01054,0.052,8.000,0.094
6828,Albatross,Black-footed Albatross,BFAL,Phoebastria nigripes,0.650,0.650,NA,4,0.250,0.680,0.630,0.790,4,0.500,0.665,NA,0.310,0.770,0.665,5,0.167,0.160,0.500,0.276,0.375,"Adams et al. 2016, Conners et al. 2015, Drew et al. 2005, Takekawa et al. 2017; similar spp: LAAL: Adams et al. 2020",0.026,0.026,NA,1,0.833,0.000,0.500,0.444,3,0.50,similar spp: Adams et al. 2020,0.390,0.280,0.500,2,0.667,0.220,0.500,0.462,1,0.500,similar spp: Cook et al. 2012; NOFU: Krijgsveld et al. 2011,0.01043,0.057,8.000,0.094
6830,Albatross,Short-tailed Albatross,STAL,Phoebastria albatrus,0.617,0.605,0.630,3,0.500,0.730,0.730,NA,4,0.500,0.674,NA,0.310,0.770,0.674,4,0.333,0.025,0.250,0.203,0.500,"similar spp: Adams et al. 2016, Adams et al. 2020, Drew et al. 2005, Takekawa et al. 2017",0.026,0.026,NA,1,0.833,0.000,0.500,0.444,3,0.50,similar spp: Adams et al. 2020,0.390,0.280,0.500,2,0.667,0.220,0.500,0.462,1,0.500,similar spp: Cook et al. 2012; NOFU: Krijgsveld et al. 2011,0.01056,0.042,7.330,0.125
6932,Petrels and Fulmars,Northern Fulmar,NOFU,Fulmarus glacialis rodgersii,0.280,0.280,NA,4,0.250,0.540,0.540,NA,2,0.250,0.410,NA,NA,NA,0.410,2,0.667,0.000,0.500,0.389,0.250,"Drew et al. 2005, similar spp: PFSH: Carle et al. 2019",0.002,0.001,0.010,5,0.167,0.009,0.250,0.142,1,0.10,"Bradbury et al. 2014, Cook et al. 2012, Deakin et al. 2022, Furness et al. 2013, Johnston et al. 2014",0.280,0.280,NA,1,0.833,0.000,0.250,0.361,1,0.250,Krijgsveld et al. 2011,0.00059,0.020,5.330,0.006
6953,Petrels and Fulmars,Murphys Petrel,MUPE,Pterodroma ultima,NA,NA,NA,5,0.500,NA,NA,NA,5,0.500,NA,0.400,0.400,NA,0.400,1,0.833,0.000,0.250,0.361,0.500,Bonnet-Lebrun et al. 2021,0.002,0.001,0.010,5,0.167,0.009,0.500,0.225,1,0.50,"similar spp: NOFU: Bradbury et al. 2014, Cook et al. 2012, Deakin et al. 2022, Furness et al. 2013, Johnston et al. 2014",0.390,0.280,0.500,2,0.667,0.220,0.500,0.462,1,0.500,similar spp: Cook et al. 2012; NOFU: Krijgsveld et al. 2011,0.00049,0.038,7.000,0.125
6966,Petrels and Fulmars,Mottled Petrel,MOPE,Pterodroma inexpectata,NA,NA,NA,3,0.500,NA,NA,NA,5,0.500,NA,0.360,0.360,NA,0.360,1,0.833,0.000,0.500,0.444,0.500,similar spp: Bonnet-Lebrun et al. 2021,0.002,0.001,0.010,5,0.167,0.009,0.500,0.225,1,0.50,"similar spp: NOFU: Bradbury et al. 2014, Cook et al. 2012, Deakin et al. 2022, Furness et al. 2013, Johnston et al. 2014",0.390,0.280,0.500,2,0.667,0.220,0.500,0.462,1,0.500,similar spp: Cook et al. 2012; NOFU: Krijgsveld et al. 2011,0.00044,0.046,5.670,0.125
6976,Petrels and Fulmars,Hawaiian Petrel,HAPE,Pterodroma sandwichensis,0.603,0.485,0.720,3,0.500,0.617,0.470,0.765,5,0.500,0.610,NA,NA,NA,0.610,3,0.500,0.295,0.500,0.432,0.500,"similar spp: Drew et al. 2005; MUPE: Clay et al. 2017, BEPE: Raine et al. 2021",0.002,0.001,0.010,5,0.167,0.009,0.500,0.225,1,0.50,"similar spp: NOFU: Bradbury et al. 2014, Cook et al. 2012, Deakin et al. 2022, Furness et al. 2013, Johnston et al. 2014",0.390,0.280,0.500,2,0.667,0.220,0.500,0.462,1,0.500,similar spp: Cook et al. 2012; NOFU: Krijgsveld et al. 2011,0.00074,0.045,5.670,0.125
6983,Petrels and Fulmars,Cooks Petrel,COPE,Pterodroma cookii,NA,NA,NA,4,0.500,NA,NA,NA,5,0.500,NA,0.360,0.360,NA,0.360,3,0.500,0.000,0.250,0.250,0.500,"Bonnet-Lebrun et al. 2021, Carboneras et al. 2020d, Drew et al. 2005",0.002,0.001,0.010,5,0.167,0.009,0.500,0.225,1,0.50,"similar spp: NOFU: Bradbury et al. 2014, Cook et al. 2012, Deakin et al. 2022, Furness et al. 2013, Johnston et al. 2014",0.390,0.280,0.500,2,0.667,0.220,0.500,0.462,1,0.500,similar spp: Cook et al. 2012; NOFU: Krijgsveld et al. 2011,0.00044,0.026,6.330,0.125
7038,Shearwaters,Pink-footed Shearwater,PFSH,Ardenna creatopus,0.320,0.320,NA,3,0.500,0.620,0.420,0.640,3,0.500,0.470,NA,0.180,0.780,0.470,4,0.333,0.220,0.250,0.268,0.500,"Adams et al. 2016, Carle et al. 2019, Drew et al. 2005, Takekawa et al. 2017",0.000,0.000,0.052,5,0.167,0.052,0.500,0.240,1,0.50,"similar spp: WTSH: Adams et al. 2020, MASH: Bradbury et al. 2014, Cook et al. 2012, Johnston et al. 2014; SCSH: Courbin et al. 2023",0.390,0.280,0.500,2,0.667,0.220,0.500,0.462,1,0.500,similar spp: Cook et al. 2012; NOFU: Krijgsveld et al. 2011,0.00006,0.030,5.000,0.125
7039,Shearwaters,Flesh-footed Shearwater,FFSH,Ardenna carneipes,0.320,0.320,NA,3,0.500,0.720,0.720,NA,3,0.500,0.520,0.330,0.330,NA,0.330,5,0.167,0.000,0.500,0.222,0.500,"Adams et al. 2016, Bonnet-Lebrun et al. 2021, Drew et al. 2005, Takekawa et al. 2017; similar spp: PFSH: Carle et al. 2019",0.000,0.000,0.052,5,0.167,0.052,0.500,0.240,1,0.50,"similar spp: WTSH: Adams et al. 2020, MASH: Bradbury et al. 2014, Cook et al. 2012, Johnston et al. 2014; SCSH: Courbin et al. 2023",0.390,0.280,0.500,2,0.667,0.220,0.500,0.462,1,0.500,similar spp: Cook et al. 2012; NOFU: Krijgsveld et al. 2011,0.00004,0.025,5.330,0.125
7045,Shearwaters,Bullers Shearwater,BULS,Ardenna bulleri,0.300,0.280,0.320,3,0.500,0.660,0.500,0.820,3,0.500,0.480,0.220,0.180,0.330,0.350,7,0.000,0.320,0.500,0.273,0.500,"Adams et al. 2016, Drew et al. 2005,  Takekawa et al. 2017; similar spp: Bonnet-Lebrun et al. 2021, MASH: Dean et al. 2013, WTSH: Adams et al. 2020, PFSH: Carle et al. 2019",0.000,0.000,0.052,5,0.167,0.052,0.500,0.240,1,0.50,"similar spp: WTSH: Adams et al. 2020, MASH: Bradbury et al. 2014, Cook et al. 2012, Johnston et al. 2014; SCSH: Courbin et al. 2023",0.390,0.280,0.500,2,0.667,0.220,0.500,0.462,1,0.500,similar spp: Cook et al. 2012; NOFU: Krijgsveld et al. 2011,0.00004,0.030,5.000,0.125
7046,Shearwaters,Sooty Shearwater,SOSH,Ardenna grisea,0.105,0.110,NA,3,0.250,0.210,0.170,0.250,3,0.250,0.158,0.240,0.240,NA,0.199,8,0.000,0.080,0.500,0.193,0.250,"Adams et al. 2016, Bonnet-Lebrun et al. 2021, Drew et al. 2005, Takekawa et al. 2017; similar spp: MASH: Dean et al. 2013, WTSH: Adams et al. 2020, Ravache et al. 2020, PFSH: Carle et al. 2019",0.000,0.000,0.052,5,0.167,0.052,0.500,0.240,1,0.50,"similar spp: WTSH: Adams et al. 2020, MASH: Bradbury et al. 2014, Cook et al. 2012, Johnston et al. 2014; SCSH: Courbin et al. 2023",0.390,0.280,0.500,2,0.667,0.220,0.500,0.462,1,0.500,similar spp: Cook et al. 2012; NOFU: Krijgsveld et al. 2011,0.00002,0.021,5.000,0.063
7047,Shearwaters,Short-tailed Shearwater,STTS,Ardenna tenuirostris,0.200,0.200,NA,3,0.500,0.400,0.400,NA,3,0.500,0.300,0.200,0.200,NA,0.250,5,0.167,0.000,0.500,0.222,0.500,"Bonnet-Lebrun et al. 2021, Drew et al. 2005; similar spp: MASH: Dean et al. 2013, WTSH: Adams et al. 2020, PFSH: Carle et al. 2019",0.000,0.000,0.052,5,0.167,0.052,0.500,0.240,1,0.50,"similar spp: WTSH: Adams et al. 2020, MASH: Bradbury et al. 2014, Cook et al. 2012, Johnston et al. 2014; SCSH: Courbin et al. 2023",0.390,0.280,0.500,2,0.667,0.220,0.500,0.462,1,0.500,similar spp: Cook et al. 2012; NOFU: Krijgsveld et al. 2011,0.00003,0.025,5.000,0.125
7053,Shearwaters,Manx Shearwater,MASH,Puffinus puffinus,0.300,0.300,NA,3,0.250,0.720,0.720,NA,3,0.250,0.510,0.180,0.180,NA,0.345,2,0.667,0.000,0.250,0.306,0.250,"Bonnet-Lebrun et al. 2021, Dean et al. 2013",0.002,0.000,0.000,4,0.333,0.000,0.250,0.195,1,0.50,"Bradbury et al. 2014, Cook et al. 2012, Johnston et al. 2014, Johnston and Cook 2016",0.390,0.280,0.500,2,0.667,0.220,0.500,0.462,1,0.250,similar spp: Cook et al. 2012; NOFU: Krijgsveld et al. 2011,0.00042,0.027,5.000,0.031
7067,Shearwaters,Black-vented Shearwater,BVSH,Puffinus opisthomelas,0.300,0.280,0.320,3,0.500,0.653,0.360,0.945,3,0.500,0.476,0.220,0.180,0.330,0.348,7,0.000,0.585,0.500,0.362,0.500,"Adams et al. 2016, Drew et al. 2005, Takekawa et al. 2017; similar spp: Bonnet-Lebrun et al. 2021, MASH: Dean et al. 2013; WTSH: Adams et al. 2020; PFSH: Carle et al. 2019",0.000,0.000,0.052,5,0.167,0.052,0.500,0.240,1,0.50,"similar spp: WTSH: Adams et al. 2020, MASH: Bradbury et al. 2014, Cook et al. 2012, Johnston et al. 2014; SCSH: Courbin et al. 2023",0.390,0.280,0.500,2,0.667,0.220,0.500,0.462,1,0.500,similar spp: Cook et al. 2012; NOFU: Krijgsveld et al. 2011,0.00004,0.040,5.000,0.125
6853,Storm-Petrels,Wilsons Storm-Petrel,WISP,Oceanites oceanicus,0.727,0.520,0.820,4,0.250,0.550,0.313,0.980,3,0.250,0.639,0.610,0.500,0.710,0.624,7,0.000,0.667,0.500,0.389,0.250,"similar spp: Adams et al. 2016, Drew et al. 2005, Takekawa et al. 2017; LESP: Bonnet-Lebrun et al. 2021, CFSP: Medrano et al. 2022, Medrano et al. 2024; EUSP: Militao et al. 2022",0.016,0.000,0.013,1,0.833,0.013,0.250,0.365,1,0.50,Bradbury et al. 2014,0.390,0.280,0.500,2,0.667,0.220,0.500,0.462,1,0.500,similar spp: Cook et al. 2012; NOFU: Krijgsveld et al. 2011,0.00619,0.066,5.670,0.063
6888,Storm-Petrels,Fork-tailed Storm-Petrel,FTSP,Hydrobates furcatus,0.727,0.520,0.820,4,0.500,0.550,0.313,0.980,3,0.500,0.639,0.610,0.500,0.710,0.620,7,0.000,0.667,0.500,0.389,0.500,"similar spp: Adams et al. 2016, Drew et al. 2005, Takekawa et al. 2017; LESP: Bonnet-Lebrun et al. 2021, CVSP: Medrano et al. 2022, Medrano et al. 2024; EUSP: Militao et al. 2022",0.016,0.013,0.020,2,0.667,0.008,0.500,0.391,1,0.10,similar spp: EUSP: Deakin et al. 2022; LESP/EUSP: Bradbury et al. 2014,0.390,0.280,0.500,2,0.667,0.220,0.500,0.462,1,0.500,similar spp: Cook et al. 2012; NOFU: Krijgsveld et al. 2011,0.00615,0.070,5.670,0.025
6892,Storm-Petrels,Leachs Storm-Petrel,LESP,Hydrobates leucorhous,0.727,0.520,0.820,4,0.250,0.550,0.313,0.970,3,0.250,NA,0.620,0.500,0.710,0.620,1,0.833,0.210,0.250,0.431,0.250,Bonnet-Lebrun et al. 2021,0.020,NA,0.020,1,0.833,0.020,0.250,0.368,1,0.10,Bradbury et al. 2014,0.390,0.280,0.500,2,0.667,0.220,0.500,0.462,1,0.500,similar spp: Cook et al. 2012; NOFU: Krijgsveld et al. 2011,0.00756,0.073,5.670,0.013
6902,Storm-Petrels,Ashy Storm-Petrel,ASSP,Hydrobates homochroa,0.727,0.520,0.820,4,0.500,0.550,0.313,0.980,3,0.500,0.639,0.610,0.500,0.710,0.624,7,0.000,0.667,0.500,0.389,0.500,"Adams et al. 2016,  Drew et al. 2005, Takekawa et al. 2017; similar spp: Medrano et al. 2024; LESP: Bonnet-Lebrun et al. 2021, CFSP: Medrano et al. 2022, EUSP: Militao et al. 2022",0.016,0.013,0.020,2,0.667,0.008,0.500,0.391,1,0.10,similar spp: EUSP: Deakin et al. 2022; LESP/EUSP: Bradbury et al. 2014,0.390,0.280,0.500,2,0.667,0.220,0.500,0.462,1,0.500,similar spp: Cook et al. 2012; NOFU: Krijgsveld et al. 2011,0.00619,0.070,5.670,0.025
6913,Storm-Petrels,Black Storm-Petrel,BLSP,Hydrobates melania,0.727,0.520,0.820,4,0.500,0.440,0.313,0.980,3,0.500,0.583,0.610,0.500,0.710,0.597,5,0.167,0.667,0.500,0.445,0.500,"Drew et al. 2005, similar spp: Medrano et al. 2024; LESP: Bonnet-Lebrun et al. 2021, CFSP: Medrano et al. 2022, EUSP: Militao et al. 2022",0.016,0.013,0.020,2,0.667,0.008,0.500,0.391,1,0.10,similar spp: EUSP: Deakin et al. 2022; LESP/EUSP: Bradbury et al. 2014,0.390,0.280,0.500,2,0.667,0.220,0.500,0.462,1,0.500,similar spp: Cook et al. 2012; NOFU: Krijgsveld et al. 2011,0.00591,0.080,5.670,0.025
6919,Storm-Petrels,Least Storm-Petrel,LSTP,Hydrobates microsoma,0.727,0.520,0.820,4,0.250,0.440,0.313,0.980,3,0.250,0.583,0.610,0.500,0.710,0.597,5,0.167,0.667,0.500,0.445,0.250,"Drew et al. 2005; similar spp: Medrano et al. 2024; LESP: Bonnet-Lebrun et al. 2021, CFSP: Medrano et al. 2022, EUSP: Militao et al. 2022",0.016,0.013,0.020,2,0.667,0.008,0.500,0.391,1,0.10,similar spp: EUSP: Deakin et al. 2022; LESP/EUSP: Bradbury et al. 2014,0.390,0.280,0.500,2,0.667,0.220,0.500,0.462,1,0.500,similar spp: Cook et al. 2012; NOFU: Krijgsveld et al. 2011,0.00591,0.080,5.670,0.013
7216,Cormorants,Brandts Cormorant,BRAC,Urile penicillatus,0.001,NA,NA,1,0.500,0.040,0.020,0.140,3,0.500,0.021,0.016,0.011,0.021,0.018,7,0.000,0.120,0.500,0.207,0.500,"Adams et al. 2016, Drew et al. 2005, Takekawa et al. 2017, Wallace and Wallace 2021; similar spp: Ryan et al. 2009; DCCO: King et al. 1995; GRCO: Gremillet and Wilson 1999",0.080,0.045,0.124,5,0.167,0.079,0.500,0.249,3,0.25,"similar spp: Thaxter et al. 2015, EUSH: Bradbury et al. 2014, Cook et al. 2012, Furness et al. 2013, Johnston et al. 2014",0.205,0.180,0.230,2,0.667,0.050,0.500,0.406,3,0.500,"similar spp: cormorants: Cook et al. 2012, Krijgsveld et al. 2011",0.00116,0.021,7.670,0.063
7253,Cormorants,Double-crested Cormorant,DCCO,Nannopterum auritum,0.001,NA,NA,1,0.100,0.070,0.070,NA,5,0.100,0.036,0.016,0.011,0.021,0.026,5,0.167,0.010,0.250,0.142,0.100,"Adams et al. 2016, Drew et al. 2005, Dorr et al. 2021, King et al. 1995, Takekawa et al. 2017",0.080,0.045,0.124,5,0.167,0.079,0.500,0.249,3,0.25,"similar spp: Thaxter et al. 2015, EUSH: Bradbury et al. 2014, Cook et al. 2012, Furness et al. 2013, Johnston et al. 2014",0.205,0.180,0.230,2,0.667,0.050,0.500,0.406,3,0.500,"similar spp: cormorants: Cook et al. 2012, Krijgsveld et al. 2011",0.00164,0.014,8.330,0.013
7218,Cormorants,Pelagic Cormorant,PECO,Urile pelagicus,0.001,NA,NA,1,0.500,0.040,0.020,0.140,3,0.500,0.021,0.016,0.011,0.021,0.018,6,0.000,0.120,0.500,0.207,0.500,"Adams et al. 2016, Drew et al. 2005, Takekawa et al. 2017; similar spp: Ryan et al. 2009; GRCO: Gremillet and Wilson 1999; DCCO: King et al. 1995",0.080,0.045,0.124,5,0.167,0.079,0.500,0.249,3,0.25,"similar spp: Thaxter et al. 2015, EUSH: Bradbury et al. 2014, Cook et al. 2012, Furness et al. 2013, Johnston et al. 2014",0.205,0.180,0.230,2,0.667,0.050,0.500,0.406,3,0.500,"similar spp: cormorants: Cook et al. 2012, Krijgsveld et al. 2011",0.00116,0.021,7.670,0.063
7288,Pelicans,American White Pelican,AWPE,Pelecanus erythrorhynchos,0.001,NA,NA,1,0.500,0.555,0.500,0.610,3,0.500,0.278,0.260,0.200,0.320,0.269,6,0.000,0.110,0.500,0.203,0.500,"Knopf and Evans 2020; similar spp: BRPE: Adams et al. 2016, Croll et al. 1986, Drew et al. 2005, D. Jaques pers. comm. 2024, Takekawa et al. 2017",0.305,0.210,0.400,1,0.833,0.190,0.750,0.591,5,0.50,Robinson Willmott et al. 2013,0.865,0.640,0.970,10,0.000,0.330,0.750,0.360,5,NA,"similar spp: NOGA: Cook et al. 2012, Cook et al. 2014, Gauld et al. 2022, Krijgsveld et al. 2011, Peschko et al. 2021, Rehfisch et al. 2014, Skov et al. 2018, Vanermen et al. 2016, Vanermen et al. 2017, Vanermen et al. 2022",0.01108,0.043,11.670,0.000
7289,Pelicans,Brown Pelican,BRPE,Pelecanus occidentalis,0.001,NA,NA,1,0.250,0.555,0.500,0.610,3,0.250,0.278,0.260,0.200,0.320,0.269,5,0.167,0.110,0.250,0.176,0.250,"Adams et al. 2016, Croll et al. 1986, Drew et al. 2005, D. Jaques pers. comm. 2024, Takekawa et al. 2017",0.305,0.210,0.400,1,0.833,0.190,0.750,0.591,5,0.50,Robinson Willmott et al. 2013,0.865,0.640,0.970,10,0.000,0.330,0.750,0.360,5,NA,"similar spp: NOGA: Cook et al. 2012, Cook et al. 2014, Gauld et al. 2022, Krijgsveld et al. 2011, Peschko et al. 2021, Rehfisch et al. 2014, Skov et al. 2018, Vanermen et al. 2016, Vanermen et al. 2017, Vanermen et al. 2022",0.01108,0.037,11.670,0.000
6086,Phalaropes,Red-necked Phalarope,RNPH,Phalaropus lobatus,0.193,NA,NA,2,0.500,0.385,0.250,0.520,3,0.500,0.289,0.710,0.650,0.770,0.499,5,0.167,0.270,0.250,0.229,0.500,"Adams et al. 2016, R. Carle pers. comm., Drew et al. 2005, Takekawa et al. 2017,  van Bemmelen et al. 2016",0.420,0.090,0.750,1,0.833,0.660,0.250,0.581,1,0.50,Robinson Willmott et al. 2013,0.270,0.270,NA,1,0.833,0.000,0.750,0.528,3,0.500,similar spp: shorebirds: Krijgsveld et al. 2011,0.15311,0.070,6.330,0.125
6085,Phalaropes,Red Phalarope,REPH,Phalaropus fulicarius,0.218,NA,NA,3,0.500,0.435,0.390,0.480,3,0.500,0.326,0.710,0.650,0.770,0.518,5,0.167,0.120,0.500,0.262,0.500,"Adams et al. 2016, R. Carle pers. comm., Drew et al. 2005, Takekawa et al. 2017; similar spp: RNPH: van Bemmelen et al. 2016",0.420,0.090,0.750,1,0.833,0.660,0.500,0.664,1,0.50,Robinson Willmott et al. 2013,0.270,0.270,NA,1,0.833,0.000,0.750,0.528,3,0.500,similar spp: shorebirds: Krijgsveld et al. 2011,0.15886,0.092,7.000,0.125
6332,Jaegers and Skuas,South Polar Skua,SPSK,Stercorarius maccormicki,0.050,NA,NA,1,0.500,0.780,0.720,0.840,4,0.500,0.415,0.280,0.220,0.340,0.348,5,0.167,0.120,0.500,0.262,0.500,"Bonnet-Lebrun et al. 2021, Drew et al. 2005; similar spp: Adams et al. 2016, Takekawa et al. 2017; GRSK: Potiek et al. 2019",0.042,0.039,0.100,4,0.333,0.061,0.500,0.298,5,0.50,"similar spp: Bradbury et al. 2014, Cook et al. 2012, Johnston et al. 2014, Thaxter et al. 2015",0.140,0.000,0.280,2,0.667,0.280,0.500,0.482,5,0.500,"similar spp: skuas: Cook et al. 2012, Krijgsveld et al. 2011",0.01240,0.038,12.000,0.125
6323,Jaegers and Skuas,Pomarine Jaeger,POJA,Stercorarius pomarinus,0.050,NA,NA,1,0.250,0.790,0.760,0.820,3,0.500,0.420,0.355,0.220,0.470,0.388,5,0.167,0.250,0.500,0.306,0.375,"Adams et al. 2016, Drew et al. 2005, Takekawa et al. 2017; similar spp: SPSK/LTJA: Bonnet-Lebrun et al. 2021; GRSK: Potiek et al. 2019",0.042,0.039,0.100,4,0.333,0.061,0.500,0.298,5,0.50,"similar spp: Bradbury et al. 2014, Cook et al. 2012, Johnston et al. 2014, Thaxter et al. 2015",0.140,0.000,0.280,2,0.667,0.280,0.500,0.482,5,0.500,"similar spp: skuas: Cook et al. 2012, Krijgsveld et al. 2011",0.01383,0.044,11.670,0.094
6321,Jaegers and Skuas,Parasitic Jaeger,PAJA,Stercorarius parasiticus,0.050,NA,NA,1,0.500,0.785,0.730,0.840,5,0.500,0.418,0.355,0.220,0.470,0.386,5,0.167,0.250,0.500,0.306,0.500,"Drew et al. 2005; similar spp: Adams et al. 2016, Takekawa et al. 2017; SPSK/LTJA: Bonnet-Lebrun et al. 2021; GRSK: Potiek et al. 2019",0.042,0.039,0.100,4,0.333,0.061,0.500,0.298,5,0.50,"similar spp: Bradbury et al. 2014, Cook et al. 2012, Johnston et al. 2014, Thaxter et al. 2015",0.140,0.000,0.280,2,0.667,0.280,0.500,0.482,5,0.500,"similar spp: skuas: Cook et al. 2012, Krijgsveld et al. 2011",0.01379,0.044,12.330,0.125
6318,Jaegers and Skuas,Long-tailed Jaeger,LTJA,Stercorarius longicaudus,0.050,NA,NA,1,0.250,0.840,0.840,NA,5,0.250,0.445,0.420,0.370,0.470,0.433,5,0.167,0.100,0.500,0.256,0.250,"Bonnet-Lebrun et al. 2021, Drew et al. 2005; similar spp: Adams et al. 2016, Takekawa et al. 2017; GRSK: Potiek et al. 2019",0.042,0.039,0.100,4,0.333,0.061,0.500,0.298,5,0.50,"similar spp: Bradbury et al. 2014, Cook et al. 2012, Johnston et al. 2014, Thaxter et al. 2015",0.140,0.000,0.280,2,0.667,0.280,0.500,0.482,5,0.500,"similar spp: skuas: Cook et al. 2012, Krijgsveld et al. 2011",0.01544,0.037,12.330,0.063
6384,Alcids,Common Murre,COMU,Uria aalge,0.001,0.001,0.054,2,0.500,0.090,0.033,0.120,1,0.500,0.046,0.029,0.028,0.030,0.037,6,0.000,0.087,0.250,0.112,0.500,"Adams et al. 2016, Drew et al. 2005, Dunn et al. 2020, Linnebjerg et al. 2015, Takekawa et al. 2017; similar spp: RAZO: Benvenuti et al. 2001",0.010,0.008,0.010,3,0.500,0.002,0.250,0.251,1,0.50,"Bradbury et al. 2014, Furness et al. 2013, Robinson Willmott et al. 2013",0.690,0.630,0.720,5,0.167,0.090,0.250,0.169,1,0.100,"Peschko et al. 2020a, Peschko et al. 2020b, Vanermen et al. 2016, Vanermen et al. 2017, Vanermen et al. 2022",0.00012,0.005,3.670,0.025
6364,Alcids,Pigeon Guillemot,PIGU,Cepphus columba,0.027,0.001,0.054,1,0.500,0.115,0.110,0.120,1,0.500,0.071,NA,0.008,0.063,0.071,6,0.000,0.010,0.500,0.170,0.500,"Adams et al. 2016, Drew et al. 2005, Ewins 2020, Takekawa et al. 2017; similar spp: COMU: Linnebjerg et al. 2015; RAZO: Benvenuti et al. 2001",0.010,0.008,0.010,3,0.500,0.002,0.500,0.334,1,0.50,"similar spp: COMU: Bradbury et al. 2014, Furness et al. 2013, Robinson Willmott et al. 2013",0.680,0.450,0.720,7,0.000,0.270,0.500,0.257,1,0.250,"similar spp: alcids: Cook et al. 2012, Krijgsveld et al. 2011; COMU: Peschko et al. 2020a, Peschko et al. 2020b, Vanermen et al. 2016, Vanermen et al. 2017, Vanermen et al. 2022",0.00023,0.015,3.000,0.063
6355,Alcids,Marbled Murrelet,MAMU,Brachyramphus marmoratus,0.027,0.001,0.054,2,0.500,0.085,0.080,0.090,1,0.500,0.056,NA,0.033,0.038,0.056,7,0.000,0.010,0.500,0.170,0.500,"Drew et al. 2005, Felis et al. 2023, Nelson 2020; similar spp: COMU: Dunn et al. 2020; LIAU: Jakubas et al. 2014; RAZO: Benvenuti et al. 2001",0.020,0.003,0.030,4,0.333,0.027,0.500,0.287,1,0.50,"similar spp: LIAU: Bradbury et al. 2014, Cook et al. 2012, Johnston et al. 2014; COMU: Furness et al. 2013",0.680,0.450,0.720,7,0.000,0.270,0.500,0.257,1,0.250,"similar spp: alcids: Cook et al. 2012, Krijgsveld et al. 2011; COMU: Peschko et al. 2020a, Peschko et al. 2020b, Vanermen et al. 2016, Vanermen et al. 2017, Vanermen et al. 2022",0.00036,0.013,3.670,0.063
6398,Alcids,Scrippss Murrelet,SCMU,Synthliboramphus hypoleucus,0.027,0.001,0.054,2,0.500,0.145,0.110,0.180,1,0.500,0.086,NA,0.033,0.038,0.086,6,0.000,0.070,0.500,0.190,NA,"Adams et al. 2016, Drew et al. 2005, Takekawa et al. 2017; similar spp: COMU: Dunn et al. 2020; LIAU: Jakubas et al. 2014; RAZO: Benvenuti et al. 2001",0.020,0.003,0.030,4,0.333,0.027,0.500,0.287,1,0.50,"similar spp: LIAU: Bradbury et al. 2014, Cook et al. 2012, Johnston et al. 2014; COMU: Furness et al. 2013",0.680,0.450,0.720,7,0.000,0.270,0.500,0.257,1,0.250,"similar spp: alcids: Cook et al. 2012, Krijgsveld et al. 2011; COMU: Peschko et al. 2020a, Peschko et al. 2020b, Vanermen et al. 2016, Vanermen et al. 2017, Vanermen et al. 2022",0.00055,0.014,3.670,0.000
6400,Alcids,Craveris Murrelet,CRMU,Synthliboramphus craveri,0.027,0.001,0.054,2,0.500,0.190,0.180,0.200,1,0.500,0.109,NA,0.033,0.038,0.109,6,0.000,0.020,0.500,0.173,0.500,"Adams et al. 2016, Drew et al. 2005, Takekawa et al. 2017; similar spp: COMU: Dunn et al. 2020; LIAU: Jakubas et al. 2014; RAZO: Benvenuti et al. 2001",0.020,0.003,0.030,4,0.333,0.027,0.500,0.287,1,0.50,"similar spp: LIAU: Bradbury et al. 2014, Cook et al. 2012, Johnston et al. 2014; COMU: Furness et al. 2013",0.680,0.450,0.720,7,0.000,0.270,0.500,0.257,1,0.250,"similar spp: alcids: Cook et al. 2012, Krijgsveld et al. 2011; COMU: Peschko et al. 2020a, Peschko et al. 2020b, Vanermen et al. 2016, Vanermen et al. 2017, Vanermen et al. 2022",0.00070,0.013,3.670,0.063
6393,Alcids,Ancient Murrelet,ANMU,Synthliboramphus antiquus,0.027,0.001,0.054,2,0.500,0.315,0.380,0.250,1,0.500,0.171,NA,0.033,0.038,0.171,6,0.000,0.130,0.500,0.210,0.500,"Adams et al. 2016, Drew et al. 2005, Takekawa et al. 2017; similar spp: COMU: Dunn et al. 2020; LIAU: Jakubas et al. 2014; RAZO: Benvenuti et al. 2001",0.020,0.003,0.030,4,0.333,0.027,0.500,0.287,1,0.50,"similar spp: LIAU: Bradbury et al. 2014, Cook et al. 2012, Johnston et al. 2014; COMU: Furness et al. 2013",0.680,0.450,0.720,7,0.000,0.270,0.500,0.257,1,0.250,"similar spp: alcids: Cook et al. 2012, Krijgsveld et al. 2011; COMU: Peschko et al. 2020a, Peschko et al. 2020b, Vanermen et al. 2016, Vanermen et al. 2017, Vanermen et al. 2022",0.00110,0.015,3.670,0.063
6345,Alcids,Cassins Auklet,CAAU,Ptychoramphus aleuticus,0.027,0.001,0.054,2,0.500,0.230,0.170,0.290,1,0.500,0.129,NA,0.033,0.038,0.129,7,0.000,0.120,0.500,0.207,0.500,"Adams et al. 2016, Ainley et al. 2020, Drew et al. 2005, Takekawa et al. 2017; similar spp: COMU: Dunn et al. 2020; LIAU: Jakubas et al. 2014; RAZO: Benvenuti et al. 2001",0.020,0.003,0.030,4,0.333,0.027,0.500,0.287,1,0.50,"similar spp: LIAU: Bradbury et al. 2014, Cook et al. 2012, Johnston et al. 2014; COMU: Furness et al. 2013",0.680,0.450,0.720,7,0.000,0.270,0.500,0.257,1,0.250,"similar spp: alcids: Cook et al. 2012, Krijgsveld et al. 2011; COMU: Peschko et al. 2020a, Peschko et al. 2020b, Vanermen et al. 2016, Vanermen et al. 2017, Vanermen et al. 2022",0.00082,0.015,3.670,0.063
6351,Alcids,Parakeet Auklet,PAAU,Aethia psittacula,0.027,0.001,0.054,1,0.500,0.430,0.430,NA,1,0.500,0.229,NA,0.033,0.038,0.229,4,0.333,0.000,0.500,0.278,0.500,Drew et al. 2005; similar spp: COMU: Dunn et al. 2020; LIAU: Jakubas et al. 2014; RAZO: Benvenuti et al. 2001,0.020,0.003,0.030,4,0.333,0.027,0.500,0.287,1,0.50,"similar spp: LIAU: Bradbury et al. 2014, Cook et al. 2012, Johnston et al. 2014; COMU: Furness et al. 2013",0.680,0.450,0.720,7,0.000,0.270,0.500,0.257,1,0.250,"similar spp: alcids: Cook et al. 2012, Krijgsveld et al. 2011; COMU: Peschko et al. 2020a, Peschko et al. 2020b, Vanermen et al. 2016, Vanermen et al. 2017, Vanermen et al. 2022",0.00146,0.020,3.000,0.063
6337,Alcids,Rhinoceros Auklet,RHAU,Cerorhinca monocerata,0.027,0.001,0.054,2,0.500,0.094,0.057,0.250,1,0.500,0.061,NA,0.008,0.063,0.061,7,0.000,0.193,0.500,0.231,0.500,"Adams et al. 2016, Drew et al. 2005, Kato et al. 2003, Takekawa et al. 2017; similar spp: COMU: Dunn et al. 2020, Linnebjerg et al. 2015; RAZO: Benvenuti et al. 2001",0.001,0.000,0.005,3,0.500,0.005,0.500,0.335,1,0.50,"similar spp: ATPU: Bradbury et al. 2014, Cook et al. 2012, Johnston et al. 2014",0.680,0.450,0.720,7,0.000,0.270,0.500,0.257,1,0.250,"similar spp: alcids: Cook et al. 2012, Krijgsveld et al. 2011; COMU: Peschko et al. 2020a, Peschko et al. 2020b, Vanermen et al. 2016, Vanermen et al. 2017, Vanermen et al. 2022",0.00002,0.020,3.670,0.063
6343,Alcids,Horned Puffin,HOPU,Fratercula corniculata,0.027,0.001,0.054,1,0.500,0.189,0.057,0.320,1,0.500,0.108,NA,0.008,0.063,0.108,5,0.167,0.263,0.500,0.310,0.500,"Drew et al. 2005; similar spp: COMU: Dunn et al. 2020, Linnebjerg et al. 2015; RAZO: Benvenuti et al. 2001; RHAU: Kato et al. 2003",0.001,0.000,0.005,3,0.500,0.005,0.500,0.335,1,0.50,"similar spp: ATPU: Bradbury et al. 2014, Cook et al. 2012, Johnston et al. 2014",0.680,0.450,0.720,7,0.000,0.270,0.500,0.257,1,0.250,"similar spp: alcids: Cook et al. 2012, Krijgsveld et al. 2011; COMU: Peschko et al. 2020a, Peschko et al. 2020b, Vanermen et al. 2016, Vanermen et al. 2017, Vanermen et al. 2022",0.00003,0.027,3.000,0.063
6338,Alcids,Tufted Puffin,TUPU,Fratercula cirrhata,0.027,0.001,0.054,1,0.500,0.189,0.057,0.340,1,0.500,0.108,NA,0.008,0.063,0.108,5,0.167,0.283,0.500,0.317,0.500,"Drew et al. 2005; similar spp: COMU: Dunn et al. 2020, Linnebjerg et al. 2015; RAZO: Benvenuti et al. 2001; RHAU: Kato et al. 2003",0.001,0.000,0.005,3,0.500,0.005,0.500,0.335,1,0.50,"similar spp: ATPU: Bradbury et al. 2014, Cook et al. 2012, Johnston et al. 2014",0.680,0.450,0.720,7,0.000,0.270,0.500,0.257,1,0.250,"similar spp: alcids: Cook et al. 2012, Krijgsveld et al. 2011; COMU: Peschko et al. 2020a, Peschko et al. 2020b, Vanermen et al. 2016, Vanermen et al. 2017, Vanermen et al. 2022",0.00003,0.027,3.000,0.063
6409,Gulls,Black-legged Kittiwake,BLKI,Rissa tridactyla,0.033,0.033,NA,3,0.250,0.625,0.480,0.770,3,0.250,NA,0.310,0.310,NA,0.310,1,0.833,0.000,0.250,0.361,0.250,Bonnet-Lebrun et al. 2021,0.157,0.043,0.770,11,0.000,0.727,0.250,0.326,5,0.25,"Bradbury et al. 2014, Borkenhagen et al. 2018, Busch and Garthe 2018, Cook et al. 2012, Cook et al. 2018, Furness et al. 2013, Humphries et al. 2023, Johnston et al. 2014, Johnston and Cook 2016, Skov et al. 2018",0.420,0.000,0.750,4,0.333,0.750,0.250,0.444,1,0.500,"Cook et al. 2012, Peschko et al. 2020b, Skov et al. 2018, Vanermen et al. 2017",0.02823,0.052,9.000,0.031
6415,Gulls,Sabines Gull,SAGU,Xema sabini,NA,NA,NA,2,0.500,0.780,0.650,0.910,3,0.500,NA,0.268,0.105,0.388,0.268,4,0.333,0.283,0.500,0.372,0.500,similar spp: BTGU: Park et al. 2024; HERG: VanDonk et al. 2018; LBBG: Brown et al. 2023; WEGU: Shaffer et al. 2017,0.070,0.038,0.180,5,0.167,0.142,0.500,0.270,5,0.25,"similar spp: BHGU: Furness et al. 2013; BHGU/LIGU: Bradbury et al. 2014, Cook et al. 2012, Johnston et al. 2014; gull spp: Cook et al. 2018",0.283,0.000,0.890,4,0.333,0.890,0.500,0.574,2,0.500,"similar spp: small gulls: Cook et al. 2014; gulls: Cook et al. 2012, Krijgsveld et al. 2011; LIGU: Vanermen et al. 2017",0.01333,0.058,9.330,0.063
6422,Gulls,Bonapartes Gull,BOGU,Chroicocephalus philadelphia,NA,NA,NA,2,0.500,0.365,0.320,0.410,3,0.500,NA,0.268,0.105,0.388,0.268,4,0.333,0.283,0.500,0.372,0.500,similar spp: BTGU: Park et al. 2024; HERG: VanDonk et al. 2018; LBBG: Brown et al. 2023; WEGU: Shaffer et al. 2017,0.070,0.038,0.180,5,0.167,0.142,0.500,0.270,5,0.25,"similar spp: BHGU: Furness et al. 2013; BHGU/LIGU: Bradbury et al. 2014, Cook et al. 2012, Johnston et al. 2014; gull spp: Cook et al. 2018",0.283,0.000,0.890,4,0.333,0.890,0.500,0.574,2,0.500,"similar spp: small gulls: Cook et al. 2014; gulls: Cook et al. 2012, Krijgsveld et al. 2011; LIGU: Vanermen et al. 2017",0.01333,0.058,9.330,0.063
6470,Gulls,Heermanns Gull,HEEG,Larus heermanni,NA,NA,NA,2,0.500,0.230,0.140,0.320,3,0.500,NA,0.268,0.105,0.388,0.268,4,0.333,0.283,0.500,0.372,0.500,similar spp: BTGU: Park et al. 2024; HERG: VanDonk et al. 2018; LBBG: Brown et al. 2023; WEGU: Shaffer et al. 2017,0.266,0.038,0.660,10,0.000,0.622,0.500,0.374,5,0.25,"similar spp: LBBG: Bradbury et al. 2014, Borkenhagen et al. 2018, Johnston and Cook 2016, Ross-Smith et al. 2016, Skov et al. 2018; COGU/LBBG: Cook et al. 2012, Furness et al. 2013, Johnston et al. 2014; COGU:  BTGU: Mikami et al. 2022; gull spp: Cook et al. 2018",0.298,0.000,0.639,4,0.333,0.639,0.500,0.491,2,0.500,"similar spp: gulls: Cook et al. 2012, Krijgsveld et al. 2011; LBBG: Cook et al. 2014, Skov et al. 2018",0.04989,0.068,9.330,0.063
6477,Gulls,Short-billed Gull,SBIG,Larus brachyrhynchus,NA,NA,NA,2,0.500,0.340,0.320,0.340,3,0.500,NA,0.268,0.105,0.388,0.268,4,0.333,0.283,0.500,0.372,0.500,similar spp: BTGU: Park et al. 2024; HERG: VanDonk et al. 2018; LBBG: Brown et al. 2023; WEGU: Shaffer et al. 2017,0.266,0.038,0.660,10,0.000,0.622,0.500,0.374,5,0.25,"similar spp: LBBG: Bradbury et al. 2014, Borkenhagen et al. 2018, Johnston and Cook 2016, Ross-Smith et al. 2016, Skov et al. 2018; COGU/LBBG: Cook et al. 2012, Furness et al. 2013, Johnston et al. 2014; COGU: BTGU: Mikami et al. 2022; gull spp: Cook et al. 2018",0.298,0.000,0.639,4,0.333,0.639,0.500,0.491,2,0.500,"similar spp: gulls: Cook et al. 2012, Krijgsveld et al. 2011; LBBG: Cook et al. 2014, Skov et al. 2018",0.04989,0.068,9.330,0.063
6479,Gulls,Ring-billed Gull,RBGU,Larus delawarensis,NA,NA,NA,3,0.500,0.320,0.320,NA,3,0.500,NA,0.268,0.105,0.388,0.268,4,0.333,0.283,0.500,0.372,0.500,similar spp: BTGU: Park et al. 2024; HERG: VanDonk et al. 2018; LBBG: Brown et al. 2023; WEGU: Shaffer et al. 2017,0.266,0.038,0.660,10,0.000,0.622,0.500,0.374,5,0.25,"similar spp: LBBG: Bradbury et al. 2014, Borkenhagen et al. 2018, Johnston and Cook 2016, Ross-Smith et al. 2016, Skov et al. 2018; COGU/LBBG: Cook et al. 2012, Furness et al. 2013, Johnston et al. 2014; COGU: BTGU: Mikami et al. 2022; gull spp: Cook et al. 2018",0.298,0.000,0.639,4,0.333,0.639,0.500,0.491,2,0.500,"similar spp: gulls: Cook et al. 2012, Krijgsveld et al. 2011; LBBG: Cook et al. 2014, Skov et al. 2018",0.04989,0.068,10.000,0.063
6485,Gulls,Western Gull,WEGU,Larus occidentalis,NA,NA,NA,3,0.500,0.335,0.220,0.530,3,0.500,NA,0.105,0.105,NA,0.105,1,0.833,0.000,0.250,0.361,0.500,Shaffer et al. 2017,0.350,0.038,0.473,9,0.000,0.435,0.500,0.312,5,0.10,"similar spp: HEEG/GBBG: Borkenhagen et al. 2018, Bradbury et al. 2014, Johnston and Cook 2016; GBBG: Cook et al. 2012, Furness et al. 2013, Johnston et al. 2014, Skov et al. 2018; SBGU: Mikami et al. 2022; gull spp: Cook et al. 2018",0.298,0.000,0.473,3,0.500,0.473,0.500,0.491,1,0.500,"similar spp: gulls: Cook et al. 2012, Krijgsveld et al. 2011; GBBG: Cook et al. 2014, Skov et al. 2018",0.02582,0.055,9.000,0.025
6539,Gulls,California Gull,CAGU,Larus californicus,NA,NA,NA,2,0.500,0.370,0.240,0.500,3,0.500,NA,0.268,0.105,0.388,0.268,4,0.333,0.283,0.500,0.372,0.500,similar spp: BTGU: Park et al. 2024; HERG: VanDonk et al. 2018; LBBG: Brown et al. 2023; WEGU: Shaffer et al. 2017,0.266,0.038,0.660,10,0.000,0.622,0.500,0.374,5,0.25,"similar spp: LBBG: Bradbury et al. 2014, Borkenhagen et al. 2018, Johnston and Cook 2016, Ross-Smith et al. 2016, Skov et al. 2018; COGU/LBBG: Cook et al. 2012, Furness et al. 2013, Johnston et al. 2014; BTGU: Mikami et al. 2022; gull spp: Cook et al. 2018",0.298,0.000,0.639,4,0.333,0.639,0.500,0.491,2,0.500,"similar spp: gulls: Cook et al. 2012, Krijgsveld et al. 2011; LBBG: Cook et al. 2014, Skov et al. 2018",0.04989,0.068,9.330,0.063
6496,Gulls,Herring Gull,HERG,Larus argentatus,NA,NA,NA,3,0.250,0.460,0.320,0.460,2,0.500,NA,0.150,0.150,NA,0.150,1,0.833,0.000,0.250,0.361,0.375,VanDonk et al. 2018,0.350,0.038,0.730,8,0.000,0.692,0.500,0.397,5,0.10,"Bradbury et al. 2014, Borkenhagen et al. 2018, Cook et al. 2012, Furness et al. 2013, Johnston and Cook 2016, Skov et al. 2018; similar spp: Cook et al. 2018",0.298,0.000,0.473,3,0.500,0.473,0.500,0.491,1,0.500,"similar spp: gulls: Cook et al. 2012, Krijgsveld et al. 2011; GBBG: Cook et al. 2014, Skov et al. 2018",0.03688,0.070,9.670,0.019
6553,Gulls,Iceland Gull,ICGU,Larus glaucoides,NA,NA,NA,2,0.500,0.320,0.320,NA,3,0.500,NA,0.268,0.105,0.388,0.268,4,0.333,0.283,0.500,0.372,0.500,similar spp: BTGU: Park et al. 2024; HERG: VanDonk et al. 2018; LBBG: Brown et al. 2023; WEGU: Shaffer et al. 2017,0.266,0.038,0.660,10,0.000,0.622,0.500,0.374,5,0.25,"similar spp: LBBG: Bradbury et al. 2014, Borkenhagen et al. 2018, Johnston and Cook 2016, Ross-Smith et al. 2016, Skov et al. 2018; COGU/LBBG: Cook et al. 2012, Furness et al. 2013, Johnston et al. 2014; COGU: BTGU: Mikami et al. 2022; gull spp: Cook et al. 2018",0.298,0.000,0.639,4,0.333,0.639,0.500,0.491,2,0.500,"similar spp: gulls: Cook et al. 2012, Krijgsveld et al. 2011; LBBG: Cook et al. 2014, Skov et al. 2018",0.04989,0.068,9.330,0.063
6543,Gulls,Glaucous-winged Gull,GWGU,Larus glaucescens,NA,NA,NA,3,0.500,0.560,0.400,0.620,3,0.500,NA,0.268,0.105,0.388,0.268,4,0.333,0.283,0.500,0.372,0.500,similar spp: BTGU: Park et al. 2024; HERG: VanDonk et al. 2018; LBBG: Brown et al. 2023; WEGU: Shaffer et al. 2017,0.350,0.038,0.473,9,0.000,0.435,0.500,0.312,5,0.10,"similar spp: HEEG/GBBG: Borkenhagen et al. 2018, Bradbury et al. 2014, Johnston and Cook 2016; GBBG: Cook et al. 2012, Furness et al. 2013, Johnston et al. 2014, Skov et al. 2018; SBGU: Mikami et al. 2022; gull spp: Cook et al. 2018",0.298,0.000,0.473,4,0.333,0.473,0.500,0.435,1,0.500,"similar spp: gulls: Cook et al. 2012, Krijgsveld et al. 2011; GBBG: Cook et al. 2014, Skov et al. 2018",0.06577,0.050,9.000,0.025
6638,Terns,Least Tern,LETE,Sternula antillarum,NA,NA,NA,1,0.500,0.610,0.610,NA,5,0.500,NA,0.380,0.354,0.406,0.380,1,0.833,0.052,0.500,0.462,0.500,similar spp: CATE: Rueda-Uribe et al. 2022,0.060,0.036,0.100,5,0.167,0.064,0.500,0.244,5,0.25,"similar spp: Bradbury et al. 2014, Cook et al. 2012, Furness et al. 2013, Johnston et al. 2014, Johnston and Cook 2016",0.486,0.280,0.700,4,0.333,0.420,0.500,0.418,1,0.500,"similar spp: Cook et al. 2012; SATE: Harwood et al. 2017, Krijgsveld et al. 2011, van Bemmelen et al. 2023",0.01171,0.047,8.330,0.063
6649,Terns,Gull-billed Tern,GBTE,Gelochelidon nilotica,NA,NA,NA,1,0.500,0.775,0.680,0.870,5,0.500,NA,0.380,0.354,0.406,0.380,1,0.833,0.190,0.500,0.508,0.500,similar spp: CATE: Rueda-Uribe et al. 2022,0.060,0.036,0.100,5,0.167,0.064,0.500,0.244,5,0.25,"similar spp: Bradbury et al. 2014, Cook et al. 2012, Furness et al. 2013, Johnston et al. 2014, Johnston and Cook 2016",0.486,0.280,0.700,4,0.333,0.420,0.500,0.418,1,0.500,"similar spp: Cook et al. 2012; SATE: Harwood et al. 2017, Krijgsveld et al. 2011, van Bemmelen et al. 2023",0.01171,0.052,11.000,0.063
6657,Terns,Caspian Tern,CATE,Hydroprogne caspia,NA,NA,NA,5,0.100,0.865,0.800,0.930,5,0.100,NA,0.380,0.354,0.406,0.380,1,0.833,0.130,0.250,0.404,0.100,Rueda-Uribe et al. 2022,0.078,0.037,0.505,5,0.167,0.467,0.500,0.378,5,0.50,"similar spp: Bradbury et al. 2014, Cook et al. 2012, Furness et al. 2013, Harwood et al. 2018, Johnston et al. 2014, Robinson Willmott et al. 2013, Thaxter et al. 2015",0.486,0.280,0.700,4,0.333,0.420,0.500,0.418,1,0.500,"similar spp: Cook et al. 2012; SATE: Harwood et al. 2017, Krijgsveld et al. 2011, van Bemmelen et al. 2023",0.01513,0.064,11.000,0.025
6664,Terns,Black Tern,BLTE,Chlidonias niger,NA,NA,NA,1,0.500,0.775,0.680,0.870,5,0.500,NA,0.380,0.354,0.406,0.380,1,0.833,0.190,0.500,0.508,0.500,similar spp: CATE: Rueda-Uribe et al. 2022,0.060,0.036,0.100,5,0.167,0.064,0.500,0.244,5,0.25,"similar spp: Bradbury et al. 2014, Cook et al. 2012, Furness et al. 2013, Johnston et al. 2014, Johnston and Cook 2016",0.486,0.280,0.700,4,0.333,0.420,0.500,0.418,1,0.500,"similar spp: Cook et al. 2012; SATE: Harwood et al. 2017, Krijgsveld et al. 2011, van Bemmelen et al. 2023",0.01171,0.052,8.330,0.063
6686,Terns,Common Tern,COTE,Sterna hirundo,NA,NA,NA,1,0.500,0.750,0.590,0.910,5,0.500,NA,0.380,0.354,0.406,0.380,1,0.833,0.320,0.500,0.551,0.500,similar spp: CATE: Rueda-Uribe et al. 2022,0.100,0.074,0.127,3,0.500,0.053,0.250,0.268,5,0.50,"Bradbury et al. 2014, Cook et al. 2012, Johnston et al. 2014",0.486,0.280,0.700,4,0.333,0.420,0.500,0.418,1,0.500,"similar spp: Cook et al. 2012; SATE: Harwood et al. 2017, Krijgsveld et al. 2011, van Bemmelen et al. 2023",0.01952,0.062,11.000,0.125
6672,Terns,Arctic Tern,ARTE,Sterna paradisaea,NA,NA,NA,1,0.500,0.950,0.910,0.980,5,0.500,NA,0.380,0.354,0.406,0.380,1,0.833,0.070,0.500,0.468,0.500,similar spp: CATE: Rueda-Uribe et al. 2022,0.014,0.000,0.028,2,0.667,0.028,0.250,0.315,5,0.50,"Cook et al. 2012, Johnston et al. 2014",0.486,0.280,0.700,4,0.333,0.420,0.500,0.418,1,0.500,"similar spp: Cook et al. 2012; SATE: Harwood et al. 2017, Krijgsveld et al. 2011, van Bemmelen et al. 2023",0.00273,0.062,11.000,0.125
6670,Terns,Forsters Tern,FOTE,Sterna forsteri,NA,NA,NA,1,0.500,0.690,0.400,0.980,5,0.500,NA,0.380,0.354,0.406,0.380,1,0.833,0.580,0.500,0.638,0.500,similar spp: CATE: Rueda-Uribe et al. 2022,0.078,0.037,0.505,5,0.167,0.467,0.500,0.378,5,0.50,"similar spp: Bradbury et al. 2014, Cook et al. 2012, Furness et al. 2013, Johnston et al. 2014, Robinson Willmott et al. 2013",0.486,0.280,0.700,4,0.333,0.420,0.500,0.418,1,0.500,"similar spp: Cook et al. 2012; SATE: Harwood et al. 2017, Krijgsveld et al. 2011, van Bemmelen et al. 2023",0.01513,0.101,11.000,0.125
6725,Terns,Royal Tern,ROYT,Thalasseus maximus,NA,NA,NA,1,0.500,0.820,0.770,0.870,5,0.500,NA,0.380,0.354,0.406,0.380,1,0.833,0.100,0.500,0.478,0.500,similar spp: CATE: Rueda-Uribe et al. 2022,0.100,0.036,0.320,7,0.000,0.284,0.500,0.261,5,0.50,"similar spp: Borkenhagen et al. 2018, Bradbury et al. 2014, Cook et al. 2012, Fijn and Collier 2022, Furness et al. 2013, Johnston et al. 2014, Johnston and Cook 2016",0.486,0.280,0.700,4,0.333,0.420,0.500,0.418,1,0.500,"similar spp: Cook et al. 2012; SATE: Harwood et al. 2017, Krijgsveld et al. 2011, van Bemmelen et al. 2023",0.01952,0.052,10.000,0.125
6718,Terns,Elegant Tern,ELTE,Thalasseus elegans,NA,NA,NA,1,0.500,0.770,0.670,0.870,5,0.500,NA,0.380,0.354,0.406,0.380,1,0.833,0.200,0.500,0.511,0.500,similar spp: CATE: Rueda-Uribe et al. 2022,0.100,0.036,0.320,7,0.000,0.284,0.500,0.261,5,0.50,"similar spp: Borkenhagen et al. 2018, Bradbury et al. 2014, Cook et al. 2012, Fijn and Collier 2022, Furness et al. 2013, Johnston et al. 2014, Johnston and Cook 2016",0.486,0.280,0.700,4,0.333,0.420,0.500,0.418,1,0.500,"similar spp: Cook et al. 2012; SATE: Harwood et al. 2017, Krijgsveld et al. 2011, van Bemmelen et al. 2023",0.01952,0.056,10.330,0.125
6567,Terns,Black Skimmer,BLSK,Rynchops niger,NA,NA,NA,1,0.500,0.865,0.800,0.930,5,0.100,NA,0.380,0.354,0.406,0.380,1,0.833,0.130,0.500,0.488,0.300,similar spp: CATE: Rueda-Uribe et al. 2022,0.078,0.037,0.505,5,0.167,0.467,0.500,0.378,5,0.50,"similar spp: Bradbury et al. 2014, Cook et al. 2012, Furness et al. 2013,  Johnston et al. 2014, Robinson Willmott et al. 2013",0.486,0.280,0.700,4,0.333,0.420,0.500,0.418,1,0.500,"similar spp: Cook et al. 2012; SATE: Harwood et al. 2017, Krijgsveld et al. 2011, van Bemmelen et al. 2023",0.01513,0.077,9.000,0.075
6398,Alcids,Guadalupe Murrelet,GUMU,Synthliboramphus hypoleucus,0.027,0.000,0.054,2,NA,0.155,0.130,0.180,1,NA,0.091,NA,0.033,0.038,0.091,6,0.000,0.050,0.500,0.183,0.000,"Adams et al. 2016, Drew et al. 2005, Takekawa et al. 2017; similar spp: COMU: Dunn et al. 2020; LIAU: Jakubas et al. 2014; RAZO: Benvenuti et al. 2001",0.020,0.003,0.030,4,0.333,0.027,0.500,0.287,1,0.50,"similar spp: LIAU: Bradbury et al. 2014, Cook et al. 2012, Johnston et al. 2014; COMU: Furness et al. 2013",0.680,0.180,0.720,7,0.000,0.540,0.500,0.347,1,0.250,"similar spp: alcids: Cook et al. 2012, Krijgsveld et al. 2011; COMU: Vanermen et al. 2016, Vanermen et al. 2017, Peschko et al. 2020a, Peschko et al. 2020b, Vanermen et al. 2022",0.00058,0.018,NA,0.000
6895,Storm-Petrels,Townsends Storm-Petrel,TOSP,Hydrobates socorroensis,0.727,0.727,NA,4,NA,0.313,0.313,NA,3,NA,0.520,NA,0.500,0.710,0.520,1,0.833,0.667,0.250,0.583,NA,Medrano et al. 2024,0.016,0.013,0.020,2,0.667,0.008,0.500,0.391,1,0.10,similar spp: EUSP: Deakin et al. 2022; LESP/EUSP: Bradbury et al. 2014,0.390,0.280,0.500,2,0.667,0.220,0.500,0.462,NA,NA,similar spp: Cook et al. 2012; NOFU: Krijgsveld et al. 2011,0.00515,0.106,NA,0.000
7177,Boobies,Masked Booby,MABO,Sula dactylatra,0.065,0.010,0.120,NA,NA,0.580,0.580,NA,NA,NA,0.323,NA,NA,NA,0.323,2,0.667,0.110,0.500,0.426,NA,"Weimerskirch et al. 2008, similar spp: Adams et al. 2020",0.126,0.027,0.315,8,0.000,0.288,0.500,0.263,NA,NA,"similar spp: RFBO/BRBO: Adams et al. 2020; NOGA: Bradbury et al. 2014, Borkenhagen et al. 2018, Cook et al. 2018, Humphries et al. 2023, Johnston et al. 2014, Johnston and Cook 2016, Skov et al. 2018",0.865,0.640,0.970,10,0.000,0.330,0.750,0.360,NA,NA,"similar spp: NOGA: Cook et al. 2012, Cook et al. 2014, Gauld et al. 2022, Krijgsveld et al. 2011, Peschko et al. 2021, Rehfisch et al. 2014, Skov et al. 2018, Vanermen et al. 2016, Vanermen et al. 2017, Vanermen et al. 2022",0.00549,0.040,NA,0.000
7183,Boobies,Nazca Booby,NABO,Sula granti,0.065,0.010,0.120,NA,NA,0.630,0.210,0.710,NA,NA,0.348,NA,NA,NA,0.348,8,0.000,0.500,0.500,0.333,NA,"Cuccaro Diaz et al. 2020, similar spp: Adams et al. 2020, MABO: Weimerskirch et al. 2008, BRBO: Kohno et al. 2019, RFBO: Weimerskirch et al. 2005, NOGA: Brabant and Vanermen 2020, Potiek et al. 2019, Furness et al. 2018",0.126,0.027,0.315,8,0.000,0.288,0.500,0.263,NA,NA,"similar spp: RFBO/BRBO: Adams et al. 2020; NOGA: Bradbury et al. 2014, Borkenhagen et al. 2018, Cook et al. 2018, Humphries et al. 2023, Johnston et al. 2014, Johnston and Cook 2016, Skov et al. 2018",0.865,0.640,0.970,10,0.000,0.330,0.750,0.360,NA,NA,"similar spp: NOGA: Cook et al. 2012, Cook et al. 2014, Gauld et al. 2022, Krijgsveld et al. 2011, Peschko et al. 2021, Rehfisch et al. 2014, Skov et al. 2018, Vanermen et al. 2016, Vanermen et al. 2017, Vanermen et al. 2022",0.00591,0.032,NA,0.000
7186,Boobies,Blue-footed Booby,BFBO,Sula nebouxii,0.065,0.010,0.120,NA,NA,0.630,0.210,0.710,NA,NA,0.348,NA,NA,NA,0.348,8,0.000,0.500,0.500,0.333,NA,"Hernandez Diaz and Salazar Gomez 2020, similar spp: Adams et al. 2020, MABO: Weimerskirch et al. 2008, BRBO: Kohno et al. 2019, RFBO: Weimerskirch et al. 2005, NOGA: Brabant and Vanermen 2020, Potiek et al. 2019, Furness et al. 2018",0.126,0.027,0.315,8,0.000,0.288,0.500,0.263,NA,NA,"similar spp: RFBO/BRBO: Adams et al. 2020; NOGA: Bradbury et al. 2014, Borkenhagen et al. 2018, Cook et al. 2018, Humphries et al. 2023, Johnston et al. 2014, Johnston and Cook 2016, Skov et al. 2018",0.865,0.640,0.970,10,0.000,0.330,0.750,0.360,NA,NA,"similar spp: NOGA: Cook et al. 2012, Cook et al. 2014, Gauld et al. 2022, Krijgsveld et al. 2011, Peschko et al. 2021, Rehfisch et al. 2014, Skov et al. 2018, Vanermen et al. 2016, Vanermen et al. 2017, Vanermen et al. 2022",0.00591,0.032,NA,0.000
7172,Boobies,Brown Booby,BRBO,Sula leucogaster,0.010,0.010,NA,NA,NA,0.445,0.210,0.680,NA,NA,0.228,NA,NA,NA,0.228,2,0.667,0.470,0.250,0.462,NA,"Adams et al. 2020, Drew et al. 2005",0.198,0.034,0.315,1,0.833,0.000,0.250,0.361,NA,NA,Adams et al. 2020,0.865,0.640,0.970,10,0.000,0.330,0.750,0.360,NA,NA,"similar spp: NOGA: Cook et al. 2012, Cook et al. 2014, Gauld et al. 2022, Krijgsveld et al. 2011, Peschko et al. 2021, Rehfisch et al. 2014, Skov et al. 2018, Vanermen et al. 2016, Vanermen et al. 2017, Vanermen et al. 2022",0.00608,0.060,NA,0.000
7168,Boobies,Red-footed Booby,RFBO,Sula sula,0.120,0.120,NA,NA,NA,0.710,0.710,NA,NA,NA,0.415,NA,NA,NA,0.415,1,0.833,0.000,0.250,0.361,NA,Adams et al. 2020,0.198,0.027,0.315,1,0.833,0.000,0.250,0.361,NA,NA,Adams et al. 2020,0.865,0.640,0.970,10,0.000,0.330,0.750,0.360,NA,NA,"similar spp: NOGA: Cook et al. 2012, Cook et al. 2014, Gauld et al. 2022, Krijgsveld et al. 2011, Peschko et al. 2021, Rehfisch et al. 2014, Skov et al. 2018, Vanermen et al. 2016, Vanermen et al. 2017, Vanermen et al. 2022",0.01109,0.047,NA,0.000
6756,Tropicbirds,Red-billed Tropicbird,RBTR,Phaethon aethereus,0.170,0.170,NA,NA,NA,0.580,0.510,0.650,NA,NA,0.375,0.260,0.250,0.390,0.318,2,0.667,0.140,0.500,0.436,NA,"similar spp: RTTR: Adams et al. 2020, Bonnet-Lebrun et al. 2021",0.706,0.706,NA,1,0.833,0.000,0.500,0.444,NA,NA,similar spp: RTTR: Adams et al. 2020,0.235,0.180,0.290,1,0.833,0.110,0.250,0.398,NA,NA,Robinson Willmott et al. 2013,0.17148,0.077,NA,0.000
